x-coordinate,y-coordinate,activity,value ,index
0.161594868,-1.307283,0,2,0
16.047082,5.6674094,1,10,1
24.8193035,16.209377,2,69,2
13.0127849,20.02445,1,20,3
-0.4134497,28.6711273,2,86,4
-1.855584,20.765419,2,70,5
-6.298336,10.318368,1,10,6
-12.31793975,5.2540593,2,20,7
-15.6492424,19.36002731,2,45,8
